Model,Accuracy,Precision,Recall,F1,ROC_AUC
Random Forest,0.967391304347826,1.0,0.8695652173913043,0.9302325581395349,0.9899180844360428
XGBoost,0.9456521739130435,0.9090909090909091,0.8695652173913043,0.8888888888888888,0.982356647763075
Logistic Regression,0.9130434782608695,0.8,0.8695652173913043,0.8333333333333334,0.9691241335853812
